{
  "FilterHeaders": [
    {
      "Header": "user-agent",
      "IncludeInScript": false
    },
    {
      "Header": "upgrade-insecure-requests",
      "IncludeInScript": true
    },
    {
      "Header": "sec-gpc",
      "IncludeInScript": true
    },
    {
      "Header": "sec-fetch-user",
      "IncludeInScript": true
    },
    {
      "Header": "sec-fetch-site",
      "IncludeInScript": true
    },
    {
      "Header": "sec-fetch-mode",
      "IncludeInScript": true
    },
    {
      "Header": "sec-fetch-dest",
      "IncludeInScript": true
    },
    {
      "Header": "origin",
      "IncludeInScript": true
    },
    {
      "Header": "dnt",
      "IncludeInScript": true
    },
    {
      "Header": "accept-language",
      "IncludeInScript": false
    },
    {
      "Header": "accept-encoding",
      "IncludeInScript": false
    },
    {
      "Header": "accept",
      "IncludeInScript": false
    }
  ],
  "FilterResources": [
    {
      "IsNonResource": true,
      "type": "text/html"
    },
    {
      "IsNonResource": false,
      "type": "image/png"
    },
    {
      "IsNonResource": false,
      "type": "image/gif"
    }
  ],
  "GeneralInfo": {
    "BrowserVersion": "",
    "IsWinInetMode": false,
    "MaxUsedConnections": 8,
    "RecordedBrowser": "Firefox",
    "RecordingDate": "фев-01-2024",
    "RecordingDuration": 46891,
    "RecordingMode": "N/A",
    "RecordingTimeStamp": 1706807421,
    "RecordingType": "Browser",
    "TotalBytesReceived": 32956,
    "TotalBytesSent": 16754,
    "TotalRequests": 26,
    "UserAgent": "Mozilla/5.0 (Windows NT 10.0; Win64; x64; rv:122.0) Gecko/20100101 Firefox/122.0"
  },
  "HostInfo": [
    {
      "DomainName": "mozilla.org",
      "Domains": [
        {
          "HTTPVersion": "HTTP/1.1",
          "IP": "34.120.208.123",
          "IncludeInScript": false,
          "Name": "incoming.telemetry.mozilla.org",
          "Port": 443,
          "Requests": [
            {
              "CompressionType": "gzip",
              "DataType": "text/plain",
              "DownloadTime": 281,
              "EventId": 2181,
              "HttpStatus": 200,
              "Size": 20,
              "URL": "https://incoming.telemetry.mozilla.org/submit/firefox-desktop/events/1/8a04883e-f03c-4b6a-aedc-a98999b0c057"
            },
            {
              "CompressionType": "gzip",
              "DataType": "text/plain",
              "DownloadTime": 297,
              "EventId": 2173,
              "HttpStatus": 200,
              "Size": 20,
              "URL": "https://incoming.telemetry.mozilla.org/submit/firefox-desktop/baseline/1/ae7aafbf-5ef4-4638-b040-e98cbf598056"
            },
            {
              "CompressionType": "gzip",
              "DataType": "text/plain",
              "DownloadTime": 281,
              "EventId": 2165,
              "HttpStatus": 200,
              "Size": 20,
              "URL": "https://incoming.telemetry.mozilla.org/submit/firefox-desktop/newtab/1/e0c350cb-bbfd-4a06-a1b9-8e569d79a325"
            },
            {
              "CompressionType": "gzip",
              "DataType": "text/plain",
              "DownloadTime": 281,
              "EventId": 2155,
              "HttpStatus": 200,
              "Size": 20,
              "URL": "https://incoming.telemetry.mozilla.org/submit/firefox-desktop/pageload/1/28a6f918-5c80-4998-9c49-0f095c751292"
            },
            {
              "CompressionType": "gzip",
              "DataType": "text/plain",
              "DownloadTime": 250,
              "EventId": 2141,
              "HttpStatus": 200,
              "Size": 20,
              "URL": "https://incoming.telemetry.mozilla.org/submit/firefox-desktop/use-counters/1/e74befe9-6fc8-4532-a608-619bf61e1995"
            },
            {
              "CompressionType": "gzip",
              "DataType": "text/plain",
              "DownloadTime": 312,
              "EventId": 2128,
              "HttpStatus": 200,
              "Size": 20,
              "URL": "https://incoming.telemetry.mozilla.org/submit/firefox-desktop/baseline/1/cd95e473-a899-4b53-ad28-e1b1d75bbba2"
            },
            {
              "CompressionType": "gzip",
              "DataType": "text/plain",
              "DownloadTime": 406,
              "EventId": 2111,
              "HttpStatus": 200,
              "Size": 20,
              "URL": "https://incoming.telemetry.mozilla.org/submit/firefox-desktop/newtab/1/a2f138f7-2799-44d3-ab1a-7df0b713f159"
            },
            {
              "CompressionType": "gzip",
              "DataType": "text/plain",
              "DownloadTime": 282,
              "EventId": 2101,
              "HttpStatus": 200,
              "Size": 20,
              "URL": "https://incoming.telemetry.mozilla.org/submit/firefox-desktop/pageload/1/f83b9cf6-01b2-4ecc-9e44-6cd3655264d4"
            },
            {
              "CompressionType": "gzip",
              "DataType": "text/plain",
              "DownloadTime": 235,
              "EventId": 2084,
              "HttpStatus": 200,
              "Size": 20,
              "URL": "https://incoming.telemetry.mozilla.org/submit/firefox-desktop/events/1/1febfb3c-2c34-4f13-a71c-cc0d025c93cc"
            },
            {
              "CompressionType": "gzip",
              "DataType": "text/plain",
              "DownloadTime": 297,
              "EventId": 2059,
              "HttpStatus": 200,
              "Size": 20,
              "URL": "https://incoming.telemetry.mozilla.org/submit/firefox-desktop/use-counters/1/69db7b20-7498-433d-8f43-64d0fb6d8fdc"
            }
          ],
          "SSLCipher": "TLS_AES_256_GCM_SHA384",
          "SSLVersion": "TLS1.3"
        },
        {
          "HTTPVersion": "HTTP/1.1",
          "IP": "35.244.181.201",
          "IncludeInScript": false,
          "Name": "aus5.mozilla.org",
          "Port": 443,
          "Requests": [
            {
              "CompressionType": "",
              "DataType": "text/xml",
              "DownloadTime": 219,
              "EventId": 2023,
              "HttpStatus": 200,
              "Size": 42,
              "URL": "https://aus5.mozilla.org/update/6/Firefox/122.0/20240118164516/WINNT_x86_64-msvc-x64/ru/release/Windows_NT%252010.0.0.0.19045.3930%2520(x64)/ISET%3ASSE4_2%2CMEM%3A6030/default/default/update.xml?force=1"
            }
          ],
          "SSLCipher": "TLS_AES_256_GCM_SHA384",
          "SSLVersion": "TLS1.3"
        }
      ],
      "IncludeInScript": true
    },
    {
      "DomainName": "mozilla.net",
      "Domains": [
        {
          "HTTPVersion": "HTTP/1.1",
          "IP": "34.160.144.191",
          "IncludeInScript": false,
          "Name": "content-signature-2.cdn.mozilla.net",
          "Port": 443,
          "Requests": [
            {
              "CompressionType": "",
              "DataType": "",
              "DownloadTime": 78,
              "EventId": 2016,
              "HttpStatus": 304,
              "Size": 0,
              "URL": "https://content-signature-2.cdn.mozilla.net/chains/remote-settings.content-signature.mozilla.org-2024-03-20-10-07-03.chain"
            }
          ],
          "SSLCipher": "",
          "SSLVersion": ""
        }
      ],
      "IncludeInScript": true
    },
    {
      "DomainName": "mozilla.com",
      "Domains": [
        {
          "HTTPVersion": "HTTP/1.1",
          "IP": "34.107.243.93",
          "IncludeInScript": false,
          "Name": "push.services.mozilla.com",
          "Port": 443,
          "Requests": [
            {
              "CompressionType": "",
              "DataType": "",
              "DownloadTime": 219,
              "EventId": 2053,
              "HttpStatus": 101,
              "Size": 0,
              "URL": "https://push.services.mozilla.com/"
            }
          ],
          "SSLCipher": "",
          "SSLVersion": ""
        },
        {
          "HTTPVersion": "HTTP/1.1",
          "IP": "34.117.237.239",
          "IncludeInScript": false,
          "Name": "contile.services.mozilla.com",
          "Port": 443,
          "Requests": [
            {
              "CompressionType": "",
              "DataType": "",
              "DownloadTime": 219,
              "EventId": 2021,
              "HttpStatus": 204,
              "Size": 0,
              "URL": "https://contile.services.mozilla.com/v1/tiles"
            }
          ],
          "SSLCipher": "TLS_AES_256_GCM_SHA384",
          "SSLVersion": "TLS1.3"
        }
      ],
      "IncludeInScript": true
    },
    {
      "DomainName": "localhost",
      "Domains": [
        {
          "HTTPVersion": "HTTP/1.1",
          "IP": "[::1]",
          "IncludeInScript": true,
          "Name": "localhost",
          "Port": 1080,
          "Requests": [
            {
              "CompressionType": "",
              "DataType": "image/gif",
              "DownloadTime": 125,
              "EventId": 2206,
              "HttpStatus": 200,
              "Size": 806,
              "URL": "http://localhost:1080/WebTours/images/bookanother.gif"
            },
            {
              "CompressionType": "",
              "DataType": "text/html",
              "DownloadTime": 62,
              "EventId": 2203,
              "HttpStatus": 200,
              "Size": 2449,
              "URL": "http://localhost:1080/cgi-bin/reservations.pl"
            },
            {
              "CompressionType": "",
              "DataType": "text/html",
              "DownloadTime": 63,
              "EventId": 2197,
              "HttpStatus": 200,
              "Size": 2700,
              "URL": "http://localhost:1080/cgi-bin/reservations.pl"
            },
            {
              "CompressionType": "",
              "DataType": "text/html",
              "DownloadTime": 62,
              "EventId": 2191,
              "HttpStatus": 200,
              "Size": 2420,
              "URL": "http://localhost:1080/cgi-bin/reservations.pl"
            },
            {
              "CompressionType": "",
              "DataType": "image/gif",
              "DownloadTime": 203,
              "EventId": 2153,
              "HttpStatus": 200,
              "Size": 758,
              "URL": "http://localhost:1080/WebTours/images/button_next.gif"
            },
            {
              "CompressionType": "",
              "DataType": "text/html",
              "DownloadTime": 407,
              "EventId": 2145,
              "HttpStatus": 200,
              "Size": 4246,
              "URL": "http://localhost:1080/cgi-bin/reservations.pl?page=welcome"
            },
            {
              "CompressionType": "",
              "DataType": "image/gif",
              "DownloadTime": 31,
              "EventId": 2135,
              "HttpStatus": 200,
              "Size": 726,
              "URL": "http://localhost:1080/WebTours/images/in_flights.gif"
            },
            {
              "CompressionType": "",
              "DataType": "image/gif",
              "DownloadTime": 16,
              "EventId": 2133,
              "HttpStatus": 200,
              "Size": 688,
              "URL": "http://localhost:1080/WebTours/images/home.gif"
            },
            {
              "CompressionType": "",
              "DataType": "text/html",
              "DownloadTime": 93,
              "EventId": 2130,
              "HttpStatus": 200,
              "Size": 1482,
              "URL": "http://localhost:1080/cgi-bin/nav.pl?page=menu&in=flights"
            },
            {
              "CompressionType": "",
              "DataType": "text/html",
              "DownloadTime": 78,
              "EventId": 2125,
              "HttpStatus": 200,
              "Size": 616,
              "URL": "http://localhost:1080/cgi-bin/welcome.pl?page=search"
            },
            {
              "CompressionType": "",
              "DataType": "image/gif",
              "DownloadTime": 47,
              "EventId": 2076,
              "HttpStatus": 200,
              "Size": 751,
              "URL": "http://localhost:1080/WebTours/images/signoff.gif"
            },
            {
              "CompressionType": "",
              "DataType": "image/gif",
              "DownloadTime": 16,
              "EventId": 2072,
              "HttpStatus": 200,
              "Size": 688,
              "URL": "http://localhost:1080/WebTours/images/in_home.gif"
            },
            {
              "CompressionType": "",
              "DataType": "image/gif",
              "DownloadTime": 63,
              "EventId": 2066,
              "HttpStatus": 200,
              "Size": 733,
              "URL": "http://localhost:1080/WebTours/images/itinerary.gif"
            },
            {
              "CompressionType": "",
              "DataType": "image/gif",
              "DownloadTime": 62,
              "EventId": 2064,
              "HttpStatus": 200,
              "Size": 726,
              "URL": "http://localhost:1080/WebTours/images/flights.gif"
            },
            {
              "CompressionType": "",
              "DataType": "text/html",
              "DownloadTime": 235,
              "EventId": 2057,
              "HttpStatus": 200,
              "Size": 915,
              "URL": "http://localhost:1080/cgi-bin/login.pl?intro=true"
            },
            {
              "CompressionType": "",
              "DataType": "text/html",
              "DownloadTime": 266,
              "EventId": 2055,
              "HttpStatus": 200,
              "Size": 1482,
              "URL": "http://localhost:1080/cgi-bin/nav.pl?page=menu&in=home"
            },
            {
              "CompressionType": "",
              "DataType": "text/html",
              "DownloadTime": 94,
              "EventId": 2043,
              "HttpStatus": 200,
              "Size": 481,
              "URL": "http://localhost:1080/cgi-bin/login.pl"
            },
            {
              "CompressionType": "",
              "DataType": "image/gif",
              "DownloadTime": 16,
              "EventId": 1988,
              "HttpStatus": 200,
              "Size": 679,
              "URL": "http://localhost:1080/WebTours/images/mer_login.gif"
            },
            {
              "CompressionType": "",
              "DataType": "text/html",
              "DownloadTime": 171,
              "EventId": 1946,
              "HttpStatus": 200,
              "Size": 1490,
              "URL": "http://localhost:1080/cgi-bin/nav.pl?in=home"
            },
            {
              "CompressionType": "",
              "DataType": "text/html",
              "DownloadTime": 16,
              "EventId": 1938,
              "HttpStatus": 200,
              "Size": 1361,
              "URL": "http://localhost:1080/WebTours/home.html"
            },
            {
              "CompressionType": "",
              "DataType": "image/png",
              "DownloadTime": 16,
              "EventId": 1936,
              "HttpStatus": 200,
              "Size": 601,
              "URL": "http://localhost:1080/webtours/images/hp_logo.png"
            },
            {
              "CompressionType": "",
              "DataType": "image/png",
              "DownloadTime": 15,
              "EventId": 1920,
              "HttpStatus": 200,
              "Size": 4187,
              "URL": "http://localhost:1080/webtours/images/webtours.png"
            },
            {
              "CompressionType": "",
              "DataType": "text/html",
              "DownloadTime": 31,
              "EventId": 1918,
              "HttpStatus": 404,
              "Size": 209,
              "URL": "http://localhost:1080/favicon.ico"
            },
            {
              "CompressionType": "",
              "DataType": "text/html",
              "DownloadTime": 156,
              "EventId": 1916,
              "HttpStatus": 200,
              "Size": 686,
              "URL": "http://localhost:1080/cgi-bin/welcome.pl?signOff=true"
            },
            {
              "CompressionType": "",
              "DataType": "text/html",
              "DownloadTime": 0,
              "EventId": 1905,
              "HttpStatus": 200,
              "Size": 710,
              "URL": "http://localhost:1080/webtours/header.html"
            },
            {
              "CompressionType": "",
              "DataType": "text/html",
              "DownloadTime": 0,
              "EventId": 1893,
              "HttpStatus": 200,
              "Size": 366,
              "URL": "http://localhost:1080/webtours/"
            }
          ],
          "SSLCipher": "None",
          "SSLVersion": "None"
        }
      ],
      "IncludeInScript": true
    },
    {
      "DomainName": "lencr.org",
      "Domains": [
        {
          "HTTPVersion": "HTTP/1.1",
          "IP": "80.68.78.15",
          "IncludeInScript": false,
          "Name": "r3.o.lencr.org",
          "Port": 80,
          "Requests": [
            {
              "CompressionType": "",
              "DataType": "application/ocsp-response",
              "DownloadTime": 47,
              "EventId": 2089,
              "HttpStatus": 200,
              "Size": 503,
              "URL": "http://r3.o.lencr.org/"
            },
            {
              "CompressionType": "",
              "DataType": "application/ocsp-response",
              "DownloadTime": 46,
              "EventId": 2040,
              "HttpStatus": 200,
              "Size": 5,
              "URL": "http://r3.o.lencr.org/"
            },
            {
              "CompressionType": "",
              "DataType": "application/ocsp-response",
              "DownloadTime": 47,
              "EventId": 2029,
              "HttpStatus": 200,
              "Size": 5,
              "URL": "http://r3.o.lencr.org/"
            }
          ],
          "SSLCipher": "None",
          "SSLVersion": "None"
        },
        {
          "HTTPVersion": "HTTP/1.1",
          "IP": "80.68.78.9",
          "IncludeInScript": false,
          "Name": "e1.o.lencr.org",
          "Port": 80,
          "Requests": [
            {
              "CompressionType": "",
              "DataType": "application/ocsp-response",
              "DownloadTime": 62,
              "EventId": 2037,
              "HttpStatus": 200,
              "Size": 5,
              "URL": "http://e1.o.lencr.org/"
            }
          ],
          "SSLCipher": "None",
          "SSLVersion": "None"
        }
      ],
      "IncludeInScript": true
    },
    {
      "DomainName": "firefox.com",
      "Domains": [
        {
          "HTTPVersion": "HTTP/1.1",
          "IP": "34.107.221.82",
          "IncludeInScript": false,
          "Name": "detectportal.firefox.com",
          "Port": 80,
          "Requests": [
            {
              "CompressionType": "",
              "DataType": "text/plain",
              "DownloadTime": 63,
              "EventId": 1886,
              "HttpStatus": 200,
              "Size": 8,
              "URL": "http://detectportal.firefox.com/success.txt?ipv4"
            },
            {
              "CompressionType": "",
              "DataType": "text/html",
              "DownloadTime": 63,
              "EventId": 1602,
              "HttpStatus": 200,
              "Size": 90,
              "URL": "http://detectportal.firefox.com/canonical.html"
            }
          ],
          "SSLCipher": "None",
          "SSLVersion": "None"
        }
      ],
      "IncludeInScript": true
    },
    {
      "DomainName": "digicert.com",
      "Domains": [
        {
          "HTTPVersion": "HTTP/1.1",
          "IP": "192.229.221.95",
          "IncludeInScript": false,
          "Name": "ocsp.digicert.com",
          "Port": 80,
          "Requests": [
            {
              "CompressionType": "",
              "DataType": "application/ocsp-response",
              "DownloadTime": 266,
              "EventId": 2018,
              "HttpStatus": 200,
              "Size": 5,
              "URL": "http://ocsp.digicert.com/"
            },
            {
              "CompressionType": "",
              "DataType": "application/ocsp-response",
              "DownloadTime": 94,
              "EventId": 1959,
              "HttpStatus": 200,
              "Size": 5,
              "URL": "http://ocsp.digicert.com/"
            }
          ],
          "SSLCipher": "None",
          "SSLVersion": "None"
        }
      ],
      "IncludeInScript": true
    },
    {
      "DomainName": "cloudflare-dns.com",
      "Domains": [
        {
          "HTTPVersion": "HTTP/1.1",
          "IP": "172.64.41.4",
          "IncludeInScript": false,
          "Name": "mozilla.cloudflare-dns.com",
          "Port": 443,
          "Requests": [
            {
              "CompressionType": "",
              "DataType": "application/dns-message",
              "DownloadTime": 47,
              "EventId": 2179,
              "HttpStatus": 200,
              "Size": 468,
              "URL": "https://mozilla.cloudflare-dns.com/dns-query"
            },
            {
              "CompressionType": "",
              "DataType": "application/dns-message",
              "DownloadTime": 47,
              "EventId": 2177,
              "HttpStatus": 200,
              "Size": 468,
              "URL": "https://mozilla.cloudflare-dns.com/dns-query"
            },
            {
              "CompressionType": "",
              "DataType": "application/dns-message",
              "DownloadTime": 46,
              "EventId": 2175,
              "HttpStatus": 200,
              "Size": 468,
              "URL": "https://mozilla.cloudflare-dns.com/dns-query"
            },
            {
              "CompressionType": "",
              "DataType": "application/dns-message",
              "DownloadTime": 47,
              "EventId": 2171,
              "HttpStatus": 200,
              "Size": 468,
              "URL": "https://mozilla.cloudflare-dns.com/dns-query"
            },
            {
              "CompressionType": "",
              "DataType": "application/dns-message",
              "DownloadTime": 47,
              "EventId": 2169,
              "HttpStatus": 200,
              "Size": 468,
              "URL": "https://mozilla.cloudflare-dns.com/dns-query"
            },
            {
              "CompressionType": "",
              "DataType": "application/dns-message",
              "DownloadTime": 47,
              "EventId": 2167,
              "HttpStatus": 200,
              "Size": 468,
              "URL": "https://mozilla.cloudflare-dns.com/dns-query"
            },
            {
              "CompressionType": "",
              "DataType": "application/dns-message",
              "DownloadTime": 47,
              "EventId": 2163,
              "HttpStatus": 200,
              "Size": 468,
              "URL": "https://mozilla.cloudflare-dns.com/dns-query"
            },
            {
              "CompressionType": "",
              "DataType": "application/dns-message",
              "DownloadTime": 63,
              "EventId": 2161,
              "HttpStatus": 200,
              "Size": 468,
              "URL": "https://mozilla.cloudflare-dns.com/dns-query"
            },
            {
              "CompressionType": "",
              "DataType": "application/dns-message",
              "DownloadTime": 47,
              "EventId": 2159,
              "HttpStatus": 200,
              "Size": 468,
              "URL": "https://mozilla.cloudflare-dns.com/dns-query"
            },
            {
              "CompressionType": "",
              "DataType": "application/dns-message",
              "DownloadTime": 63,
              "EventId": 2157,
              "HttpStatus": 200,
              "Size": 468,
              "URL": "https://mozilla.cloudflare-dns.com/dns-query"
            },
            {
              "CompressionType": "",
              "DataType": "application/dns-message",
              "DownloadTime": 47,
              "EventId": 2151,
              "HttpStatus": 200,
              "Size": 468,
              "URL": "https://mozilla.cloudflare-dns.com/dns-query"
            },
            {
              "CompressionType": "",
              "DataType": "application/dns-message",
              "DownloadTime": 47,
              "EventId": 2149,
              "HttpStatus": 200,
              "Size": 468,
              "URL": "https://mozilla.cloudflare-dns.com/dns-query"
            },
            {
              "CompressionType": "",
              "DataType": "application/dns-message",
              "DownloadTime": 47,
              "EventId": 2143,
              "HttpStatus": 200,
              "Size": 468,
              "URL": "https://mozilla.cloudflare-dns.com/dns-query"
            },
            {
              "CompressionType": "",
              "DataType": "application/dns-message",
              "DownloadTime": 47,
              "EventId": 2139,
              "HttpStatus": 200,
              "Size": 468,
              "URL": "https://mozilla.cloudflare-dns.com/dns-query"
            },
            {
              "CompressionType": "",
              "DataType": "application/dns-message",
              "DownloadTime": 47,
              "EventId": 2137,
              "HttpStatus": 200,
              "Size": 468,
              "URL": "https://mozilla.cloudflare-dns.com/dns-query"
            },
            {
              "CompressionType": "",
              "DataType": "application/dns-message",
              "DownloadTime": 47,
              "EventId": 2123,
              "HttpStatus": 200,
              "Size": 468,
              "URL": "https://mozilla.cloudflare-dns.com/dns-query"
            },
            {
              "CompressionType": "",
              "DataType": "application/dns-message",
              "DownloadTime": 47,
              "EventId": 2121,
              "HttpStatus": 200,
              "Size": 468,
              "URL": "https://mozilla.cloudflare-dns.com/dns-query"
            },
            {
              "CompressionType": "",
              "DataType": "application/dns-message",
              "DownloadTime": 47,
              "EventId": 2117,
              "HttpStatus": 200,
              "Size": 468,
              "URL": "https://mozilla.cloudflare-dns.com/dns-query"
            },
            {
              "CompressionType": "",
              "DataType": "application/dns-message",
              "DownloadTime": 63,
              "EventId": 2113,
              "HttpStatus": 200,
              "Size": 468,
              "URL": "https://mozilla.cloudflare-dns.com/dns-query"
            },
            {
              "CompressionType": "",
              "DataType": "application/dns-message",
              "DownloadTime": 47,
              "EventId": 2109,
              "HttpStatus": 200,
              "Size": 468,
              "URL": "https://mozilla.cloudflare-dns.com/dns-query"
            },
            {
              "CompressionType": "",
              "DataType": "application/dns-message",
              "DownloadTime": 47,
              "EventId": 2107,
              "HttpStatus": 200,
              "Size": 468,
              "URL": "https://mozilla.cloudflare-dns.com/dns-query"
            },
            {
              "CompressionType": "",
              "DataType": "application/dns-message",
              "DownloadTime": 47,
              "EventId": 2105,
              "HttpStatus": 200,
              "Size": 468,
              "URL": "https://mozilla.cloudflare-dns.com/dns-query"
            },
            {
              "CompressionType": "",
              "DataType": "application/dns-message",
              "DownloadTime": 47,
              "EventId": 2103,
              "HttpStatus": 200,
              "Size": 468,
              "URL": "https://mozilla.cloudflare-dns.com/dns-query"
            },
            {
              "CompressionType": "",
              "DataType": "application/dns-message",
              "DownloadTime": 47,
              "EventId": 2099,
              "HttpStatus": 200,
              "Size": 468,
              "URL": "https://mozilla.cloudflare-dns.com/dns-query"
            },
            {
              "CompressionType": "",
              "DataType": "application/dns-message",
              "DownloadTime": 47,
              "EventId": 2097,
              "HttpStatus": 200,
              "Size": 468,
              "URL": "https://mozilla.cloudflare-dns.com/dns-query"
            },
            {
              "CompressionType": "",
              "DataType": "application/dns-message",
              "DownloadTime": 47,
              "EventId": 2095,
              "HttpStatus": 200,
              "Size": 468,
              "URL": "https://mozilla.cloudflare-dns.com/dns-query"
            },
            {
              "CompressionType": "",
              "DataType": "application/dns-message",
              "DownloadTime": 47,
              "EventId": 2093,
              "HttpStatus": 200,
              "Size": 468,
              "URL": "https://mozilla.cloudflare-dns.com/dns-query"
            },
            {
              "CompressionType": "",
              "DataType": "application/dns-message",
              "DownloadTime": 47,
              "EventId": 2086,
              "HttpStatus": 200,
              "Size": 468,
              "URL": "https://mozilla.cloudflare-dns.com/dns-query"
            },
            {
              "CompressionType": "",
              "DataType": "application/dns-message",
              "DownloadTime": 47,
              "EventId": 2081,
              "HttpStatus": 200,
              "Size": 468,
              "URL": "https://mozilla.cloudflare-dns.com/dns-query"
            },
            {
              "CompressionType": "",
              "DataType": "application/dns-message",
              "DownloadTime": 47,
              "EventId": 2079,
              "HttpStatus": 200,
              "Size": 468,
              "URL": "https://mozilla.cloudflare-dns.com/dns-query"
            },
            {
              "CompressionType": "",
              "DataType": "application/dns-message",
              "DownloadTime": 47,
              "EventId": 2068,
              "HttpStatus": 200,
              "Size": 468,
              "URL": "https://mozilla.cloudflare-dns.com/dns-query"
            }
          ],
          "SSLCipher": "TLS_AES_256_GCM_SHA384",
          "SSLVersion": "TLS1.3"
        }
      ],
      "IncludeInScript": true
    }
  ],
  "WebSocket": {
    "IncludeInScript": false,
    "IsScriptIncludeWebSocket": true
  },
  "NumberOfCorrelations": 6
}